{
    "mtx": [
        [
            526.9560652628711,
            0.0,
            344.97063126816704
        ],
        [
            0.0,
            526.251078300014,
            230.06375691685537
        ],
        [
            0.0,
            0.0,
            1.0
        ]
    ],
    "dist": [
        [
            0.1338589376347633,
            -0.10159281004921579,
            -0.006479941248405931,
            0.0006662732588147609,
            0.15194977576451532
        ]
    ]
}