{
    "mtx": [
        [
            1255.9127524465898,
            0.0,
            276.73782510962627
        ],
        [
            0.0,
            2473.2136159287256,
            325.390622968526
        ],
        [
            0.0,
            0.0,
            1.0
        ]
    ],
    "dist": [
        [
            0.0782220927551986,
            69.58979495877733,
            0.02675573370715948,
            -0.02163828737978566,
            74.27032866630812
        ]
    ]
}