{
    "mtx": [
        [
            942.6847133455641,
            0.0,
            229.60291730101702
        ],
        [
            0.0,
            1015.0332445895494,
            351.3038232308303
        ],
        [
            0.0,
            0.0,
            1.0
        ]
    ],
    "dist": [
        [
            -1.1701606614778872,
            2.27606959770457,
            -0.016377618529930534,
            0.10323614752890109,
            -2.4914094424655855
        ]
    ]
}