{
    "mtx": [
        [
            3777.652001006542,
            0.0,
            921.0116448925918
        ],
        [
            0.0,
            4077.110071945852,
            1408.7761995830372
        ],
        [
            0.0,
            0.0,
            1.0
        ]
    ],
    "dist": [
        [
            -1.1787352496558914,
            2.315757044657758,
            -0.01674375258183813,
            0.10436731902626209,
            -2.5616981181460194
        ]
    ]
}