{
    "crop_left": 569,
    "crop_right": 1177,
    "crop_top": 48,
    "crop_bottom": 940,
    "angle_start": -19.90043728916061,
    "angle_end": 19.991466823830887,
    "center": [
        303,
        892
    ],
    "radius": 892
}