{
    "mtx": [
        [
            1178.2196212774513,
            0.0,
            530.5473048879014
        ],
        [
            0.0,
            1117.5996234679171,
            600.7919212788147
        ],
        [
            0.0,
            0.0,
            1.0
        ]
    ],
    "dist": [
        [
            -0.8009327810605369,
            0.7498969752041555,
            -0.09031012827290873,
            0.019222292968770704,
            -0.6090044574942739
        ]
    ]
}